path	verdict	model_ids	evidence	confidence
/mnt/HDD/Downloads/Spirit Folder/Spirit Service Manuals/Bikes/AB900/2018/AB900 2018 (AU800_AU800A) Service Manual.pdf	existing	ab900-2018	Cover p.1 "AU800/AU800A Service Manual", no Spirit name; PDF created 2018-11-05. Doc 1 (the AB900/AIR650 sheet) shows AB900 = the AU800 variant with Bluetooth, and this manual carries a Bluetooth section (p.11 "Bluetooth function: Only the model of Bluetooth device configuration"). The AB900 OM is Rev 12.13.2018 and ab900-2018 is the only AB900 id.	certain
/mnt/HDD/Downloads/Spirit Folder/Spirit Service Manuals/Bikes/AB900/Discrepancy Between AB900 and AIR650.pdf	not-a-manual		One PowerPoint page, 21 words: "Discrepancy Between AB900 and AIR650" - Bluetooth yes/no, iron-net wind cover, connecting-arm cover. A comparison sheet, not a manual; it only tells you doc 0 (AU800/AU800A) covers the AB900 as the Bluetooth variant.	certain
/mnt/HDD/Downloads/Spirit Folder/Spirit Service Manuals/Bikes/CIC850 Pairing Process.pdf	not-a-manual		Lexmark scan, no text layer; OCR of the one page reads "New SB700/900 Console | CIC X50" then a KM/miles change procedure and a chest-strap PAIR procedure (press Mode/Page, pedal until 0 or ERR). A one-page console support tip for the CIC850 (cic850-2022), not a manual.	certain
/mnt/HDD/Downloads/Spirit Folder/Spirit Service Manuals/Bikes/CIC850/2020/CIC850 Service Manual.pdf	existing	cic850-2022	Cover p.1 "CIC850 Service Manual", 37 pages, PDF created 2021-12-15; owner manual Rev 05.05.2022 and cic850-2022 is the only CIC850 id.	certain
/mnt/HDD/Downloads/Spirit Folder/Spirit Service Manuals/Bikes/CR800/2014/CR800 (XR898) Service Manual 1000104-OK.pdf	new-machine	cr800-2011	Cover p.1 "XR898 Service Manual", 18 pages of disassembly and Q&A, no year printed anywhere; PDF created 2011-01-12 (Acrobat Distiller 9). Same console family (induction brake, no generator) as the XU878 CU800 (doc 11) that maps to cu800-2012. No CR800 owner manual of this era is on disk, so no id exists; 2011 is the PDF creation date, the only date evidence.	unsure
/mnt/HDD/Downloads/Spirit Folder/Spirit Service Manuals/Bikes/CR800/2020/CR800 Service Manual.pdf	existing	cr800-2021	Cover p.1 "CR800 2020 Ver. Service Manual", PDF created 2021-12-09; no Bluetooth or Spirit+ text (the 2024 OM has 17 Bluetooth mentions), HDMI-free matrix console. The Spirit "2020" generation is the Nov-2021 owner manual (as ct850-2020 and ce850-2020 established). The 2023 CR800 OM (800140) is the same hardware reprinted. TOC line "6. XS500-YP002 Basic Connections" is a copy-paste of the Sole CC81 code, not a machine.	certain
/mnt/HDD/Downloads/Spirit Folder/Spirit Service Manuals/Bikes/CR800ENT/2020/CR800ENT Service Manual.pdf	existing	cr800ent-2023	Cover p.1 "CR800 ENT 2020 Ver. Service Manual", PDF created 2021-12-16; engineering-mode menus with A/V Source and HDMI (4 mentions). HDMI appears in the 2023 CR800ENT OM and not in the 2024 New Black OM, and cr800ent-2023 is the earliest CR800ENT id; the MODEL-table style SKU for this generation would be 8001x0/2020.	unsure
/mnt/HDD/Downloads/Spirit Folder/Spirit Service Manuals/Bikes/CR900/2014/CR900 (SR8800-SB008)_Service Manual.pdf	existing	cr900-2018	Cover p.1 "SR8800-SB008 Service Manual", factory code only, PDF created 2018-07-23; generator bike, EMS brake, no Bluetooth. The CR900 OM body is Rev 08.05.2018 (cr900-2018); the 2025 OM is the New Black redesign.	certain
/mnt/HDD/Downloads/Spirit Folder/Spirit Service Manuals/Bikes/CR900ENT/2016/CR900ENT Service Manual.pdf	existing	cr900ent-2021	Cover p.1 "CR900 ENT Service Manual", PDF created 2021-11-23, Android/HDMI ENT console; the only CR900ENT id, OM Rev 11.08.2021.	certain
/mnt/HDD/Downloads/Spirit Folder/Spirit Service Manuals/Bikes/CU1000-2023 SU8880-SB028 service manual.pdf	new-machine	cu1000-2023	Cover p.1 "SERVICE MANUAL CU1000(2023) SU8880-SB028 ENT Upright Bike", 35 pages, PDF created 2023-05-15. No CU1000 id in kb.yaml.	certain
/mnt/HDD/Downloads/Spirit Folder/Spirit Service Manuals/Bikes/CU800/2020/CU800 Service Manual.pdf	existing	cu800-2021	Cover p.1 "CU800(2020) Service Manual", the string CU800(2020) repeats 17 times through the TOC; PDF created 2021-11-19. No Bluetooth/Spirit+ text. The CU800 2020 generation is the OM CU800_800340_OM_20211112 = cu800-2021 (800340 follows the MODEL table x40 = 2020 pattern).	certain
/mnt/HDD/Downloads/Spirit Folder/Spirit Service Manuals/Bikes/CU800/CU800 (XU878-AB04M) - Service Manual.pdf	existing	cu800-2012	Cover p.1 "XU878-AB04M Service Manual", PDF created 2012-03-05; p.7 program keys "MANUAL, PROGRAM, CUSTOM, FIT-TEST, HRC1, Constant power" match the CU800 OM effective March 1 2012 (Fit-Test, Custom, Constant Power) and not the 2021 OM (HIIT).	certain
/mnt/HDD/Downloads/Spirit Folder/Spirit Service Manuals/Bikes/CU800ENT/2020/CU800ENT Service Manual.pdf	existing	cu800ent-2022	Cover p.1 "CU800 ENT 2020 ver. Service Manual", PDF created 2021-12-16; HDMI/A-V Source engineering menus as in the CU800ENT_800350_OM_20220208 (HDMI 4 mentions), absent from the 2024 OM. 800350 follows the x50 = ENT 2020 pattern in the MODEL table.	unsure
/mnt/HDD/Downloads/Spirit Folder/Spirit Service Manuals/Bikes/CU900/2016/CU900 Service Manual.pdf	existing	cu900-2018	Cover p.1 "CU900 Service Manual", PDF created 2021-11-24; generator/EMS bike without Bluetooth; 42% of its 8-word phrases sit in the CU900_900346 OM (body Rev 08.08.2018) against 35% for the 2025 New Black OM; 68% similar to the SR8800-SB008 CR900 manual.	certain
/mnt/HDD/Downloads/Spirit Folder/Spirit Service Manuals/Bikes/CU900ENT/CU900ENT Service Manual.pdf	already-ingested	cu900ent	Same filename as manifest origin_uri of spirit-bike-cu900ent-service-manual; 99.9% of the PDF vocabulary is in that text.md (manifest sha256 is of text.md, not the PDF).	certain
/mnt/HDD/Downloads/Spirit Folder/Spirit Service Manuals/Bikes/E50H CT800 2020.pdf	not-a-manual		Skia/PDF export of six photographed pages, no text layer; OCR reads "Spirit TM CT800 #800840 E-50H ... Error Message for DC Motor Controller ... E-50H Service Doc ... upper computer cable must be plugged into the JK6/STD red 6-pin port". A service bulletin about the E-50H error on the CT800 2020 (800840 = ct800-2020), not a manual.	certain
/mnt/HDD/Downloads/Spirit Folder/Spirit Service Manuals/Bikes/JB950 (Johnny G Bike)Service Manual for SPIRIT.pdf	existing	jb950-2022	Cover p.1 "JOHNNY G Spirit Bike JB950 Service Manual", 51 pages, PDF created 2019-12-16; the only JB950 id (OM Rev 04.21.2022, warranty Nov 19 2021). The service manual predates the OM by two years.	certain
/mnt/HDD/Downloads/Spirit Folder/Spirit Service Manuals/Bikes/Mannual Service v1.0 （magnetic)900660.pdf	existing	csc900-2024	Cover p.1 "AnyFit Service Manual (Magnetic) Issued by AnyFit Service Dept."; 93% word-identical to doc 38 (CSC900 2022 Service Manual, Magnetic system) - the OEM original with an extra "Outwires" preamble. Its magnetic-wheel troubleshooting table (ERO2 magnetic wheel, ER12, ER11) is printed word for word in the CSC900 2024 OM p.~30; the 2019/2021 OMs have no troubleshooting section and no magnetic wheel. 900660 in the filename is not in any OM or the MODEL table.	unsure
/mnt/HDD/Downloads/Spirit Folder/Spirit Service Manuals/Bikes/SB600/SB600__service manual_V1.0.pdf	new-machine	sb600-2025	Cover p.1 "SERVICE MANUAL SB600"; p.30 "Version 1.0 2025/7/28: Initial release". SB600 is an XTERRA recumbent bike (Xterra Owners Manuals/Bikes/SB600_OM_20230801.pdf, "register your new XTERRA"), not Spirit or Sole; kb.yaml declares no xterra brand.	unsure
/mnt/HDD/Downloads/Spirit Folder/Spirit Service Manuals/Bikes/ST8900-YT061(ST90)_Service Manual Ver1.1.pdf	already-ingested	st90-2021	Cover p.1 "ST8900-YT061 Service Manual" (Sole ST90 treadmill, filed in Spirit/Bikes). PDF-to-PDF it is 98.3% word-identical to the ingested ST90 Ver1.2 (sole-tm-st90-2021-service-manual); this is the Ver1.1 predecessor, 70 pages, created 2021-04-06.	certain
/mnt/HDD/Downloads/Spirit Folder/Spirit Service Manuals/Bikes/ST8900-YT061(ST90)_Service Manual.pdf	already-ingested	st90-2021	Cover p.1 "ST8900-YT061 Service Manual" (Sole ST90), unversioned 66-page export created 2021-02-24; 95.3% word-identical to the ingested Ver1.2 PDF, 96.8% to doc 19. An earlier revision of the same document.	certain
/mnt/HDD/Downloads/Spirit Folder/Spirit Service Manuals/Bikes/XBR25 (XR327-SB005 2016) Service Manual.pdf	existing	xbr25-2019	Cover p.1 "XR327-SB005-01 Service Manual", PDF created 2017-10-12; gear-motor/reed-switch tension, 7.5" LCD, no Bluetooth. Non-A factory code = the pre-2023 XBR25 (the 2023 XBR25 sibling codes are XR329A/XU319A); xbr25-2019 (OM Rev 02.04.2019) is the only pre-2023 XBR25 id.	unsure
/mnt/HDD/Downloads/Spirit Folder/Spirit Service Manuals/Bikes/XBR25 XBR55 service manual.pdf	multi-machine	xbr25-2008,xbr55-2008	Cover p.1 "SERVICE MANUAL XBR25 XBR55": a 20-page Spirit Manufacturing Inc. dealer manual (troubleshooting procedures, warranty, exploded views and parts lists for both bikes), PDF created 2008-11-21 by PrimoPDF, no printed date. A generation before the Dyaco-era XBR25/XBR55 (2016 codes, 2019 OMs), so no existing id fits; year is the PDF creation date only.	unsure
/mnt/HDD/Downloads/Spirit Folder/Spirit Service Manuals/Bikes/XBR55 (XR329-SB011 2016) Service Manual.pdf	existing	xbr55-2019	Cover p.1 "XR329-SB011-01 Service Manual", PDF created 2017-09-26; gear motor + reed switch, gas cylinder, USER1 program key. Non-A code = pre-2023 XBR55 (2023 is XR329A-SB030, doc 24); xbr55-2019 OM (USER 1/USER 2 keys) with xbr55-2021 its Rev 02.04.2021 reprint.	unsure
/mnt/HDD/Downloads/Spirit Folder/Spirit Service Manuals/Bikes/XBR55/2023/XBR55 (551123) Service Manual.pdf	existing	xbr55-2023	Cover p.1 "SERVICE MANUAL XBR55(2023) XR329A-SB030 RECUMBENT BIKE", PDF created 2023-10-17. Filename SKU 551123; the XBR55 2023 OM filename carries 551223 - one of the two is a typo.	certain
/mnt/HDD/Downloads/Spirit Folder/Spirit Service Manuals/Bikes/XBR55_ENT_XR329-SB013-01 Service Manual.pdf	existing	xbr55ent-2021	Cover p.1 "XR329-SB013-01 Service Manual", 67 pages, PDF created 2021-08-15; TFT touch ENT console on the XR329 recumbent; xbr55ent-2021 is the only XBR55ENT id (OM Nov 30 2021). Doc 30 (XBU55ENT) is 94% contained in it.	certain
/mnt/HDD/Downloads/Spirit Folder/Spirit Service Manuals/Bikes/XBR95 (XR829-SB012 2016) Service Manual -En.pdf	existing	xbr95-2016	Cover p.1 "XR829-SB012-01 Service Manual", PDF created 2017-10-11; generator recumbent with induction brake, mesh seat back and gas cylinder, 7.5" LCD, no Bluetooth. The 2016, 2018 and 2021 XBR95 OMs are the same text (same hardware); the 2023 is XR829A-SB032 (doc 27). Primary id by the 2016 revision date; xbr95-2018 and xbr95-2021 are reprints of the same machine.	unsure
/mnt/HDD/Downloads/Spirit Folder/Spirit Service Manuals/Bikes/XBR95/2023/XBR95 (951123) Service Manual.pdf	existing	xbr95-2023	Cover p.1 "SERVICE MANUAL XBR95(2023) XR829A-SB032 RECUMBENT BIKE"; filename SKU 951123 = xbr95-2023 in reference/model-numbers.csv.	certain
/mnt/HDD/Downloads/Spirit Folder/Spirit Service Manuals/Bikes/XBU55 (XU319-SB011 2016) Service Manual.pdf	existing	xbu55-2019	Cover p.1 "XU319-SB011-01 Service Manual", PDF created 2017-10-17; gear motor, USER1 key, no Bluetooth. Non-A code = pre-2023 XBU55 (2023 is XU319A-SB030, doc 29); xbu55-2019 OM with xbu55-2021 its reprint.	unsure
/mnt/HDD/Downloads/Spirit Folder/Spirit Service Manuals/Bikes/XBU55/XBU55 (553123) Service Manual.pdf	existing	xbu55-2023	Cover p.1 "SERVICE MANUAL XBU55(2023) XU319A-SB030 UPRIGHT BIKE", PDF created 2023-10-06. Filename SKU 553123 disagrees with the repository (xbu55-2023 = 552123 in model-numbers.csv and on four cards); the cover, not the SKU, decides.	certain
/mnt/HDD/Downloads/Spirit Folder/Spirit Service Manuals/Bikes/XBU55ENT/2020/XBU55ENT Service Manual.pdf	existing	xbu55ent-2021	Cover p.1 "XBU55 ENT Service Manual", 33 pages, PDF created 2021-11-23, TFT LCD touch panel; the only XBU55ENT id (OM Nov 30 2021). 94% of its text is inside doc 25 (XBR55ENT).	certain
/mnt/HDD/Downloads/Spirit Folder/Spirit Service Manuals/Bikes/XIC600 (SB700, SB702 )Service Manual.pdf	existing	sb700-2011	Cover p.1 "SB700 Service Manual" - a 17-page Dyaco parts-replacement manual naming only SB700, PDF created 2009-10-30 (Distiller 7). Filed under XIC600 but it predates the XIC600 (2018) by nine years and shares 52% of its phrases with the Sole SB700 2019 service manual; the earliest Sole SB700 id is sb700-2011. Sole brand, not Spirit; the Spirit twin of that era is cb900-2013.	unsure
/mnt/HDD/Downloads/Spirit Folder/Spirit Service Manuals/Climbers Steppers/75S/DYACO 7.5S (RS9600-SS021) Service Manual.pdf	existing	7-5s-med	Cover p.1 "7.5S(RS9600-SS021-01) Service Manual", PDF created 2021-04-12, 10.1" touch console; 28% of its phrases sit in the 7.5S MED rehab stepper OM against 4% for the 2025 7.5S OM.	certain
/mnt/HDD/Downloads/Spirit Folder/Spirit Service Manuals/Climbers Steppers/CRS800s/CRS800S Service Manual.pdf	existing	crs800s-2021	Cover p.1 "CRS800S 2020 ver. Service Manual", PDF created 2021-12-15; no Bluetooth/Spirit+ text. Spirit 2020 generation = the CRS800S_20211008 OM (crs800s-2021); the 2024 New Black OM is a different console.	certain
/mnt/HDD/Downloads/Spirit Folder/Spirit Service Manuals/Climbers Steppers/CS800/CS800 Service Manual.pdf	existing	cs800-2021	Cover p.1 "CS800(2020) Service Manual" (17 repeats), PDF created 2021-11-19; no Bluetooth/Spirit+. Spirit 2020 generation = CS800_20211112 OM (cs800-2021).	certain
/mnt/HDD/Downloads/Spirit Folder/Spirit Service Manuals/Climbers Steppers/CS800/CS800, 2016 (XS200-SS003) Service Manual.pdf	new-machine	cs800-2016	Cover p.1 "XS200-SS003 Service Manual", 72 pages, PDF created 2017-09-06; a pre-2020 CS800 stepper (no CS800(2020) text, 2016-era factory code like the CE850 XE898-SE011). No CS800 id before cs800-2021 exists and no OM for it is on disk; 2016 follows the filename and the sibling 2016 codes, not a printed date.	unsure
/mnt/HDD/Downloads/Spirit Folder/Spirit Service Manuals/Climbers Steppers/CSC800/CSC880 SERVICE MANUAL.pdf	existing	csc880-2025	Cover p.1 "CSC880 Service Manual (Magnetic)", p.3 "internal technical data of Spirit CSC880", PDF created 2025-07-31; the only CSC880 id (OM (c) 2025).	certain
/mnt/HDD/Downloads/Spirit Folder/Spirit Service Manuals/Climbers Steppers/CSC900/CSC900 SERVICE MANUAL-CLIMBMILL(2020MAR16).pdf	existing	csc900-2019	Cover p.1 "CSC900 Service Manual (V1.0)", PDF created 2020-03-16 (filename CLIMBMILL 2020MAR16); alternator-based drive with ER07/ER11/ER12/ER22 troubleshooting - the pre-magnetic CSC900. csc900-2019 (OM Rev 12.01.2019) is that generation; csc900-2021 is its 85.9% reprint and may share the hardware.	unsure
/mnt/HDD/Downloads/Spirit Folder/Spirit Service Manuals/Climbers Steppers/CSC900/CSC900 Service Manual 2022.pdf	existing	csc900-2024	Cover p.1 "CSC900 2022 Service Manual (Magnetic system)", 14 pages, PDF created 2022-03-09. Its troubleshooting rows (ERO2 magnetic wheel connection, ER12 can not brake, ER11 electronic meter data, ERO7 emergency stop) are printed word for word in the CSC900 2024 OM; the 2019/2021 OMs carry no troubleshooting and no magnetic wheel. Dated 2022, so it may also serve late csc900-2021 units. Doc 17 is its AnyFit-branded original.	unsure
/mnt/HDD/Downloads/Spirit Folder/Spirit Service Manuals/Climbers Steppers/CVC800/CVC800 Service Manual.pdf	already-ingested	cvc800	Same filename as manifest origin_uri of spirit-climber-cvc800-service-manual; 99.5% of its 8-word phrases are in that text.md.	certain
/mnt/HDD/Downloads/Spirit Folder/Spirit Service Manuals/Climbers Steppers/XS895/XS895 (XE895-SE022 2016) Service manual.pdf	existing	xe895-2018	Cover p.1 "XE895-SE022 Service Manual", 105 pages, PDF created 2017-07-26. It is an ELLIPTICAL manual (stride 85 mentions, connecting arm, swing arm, "elliptical" 14 times, no stepper/floors text) and is 98% word-identical to the CE850 XE898-SE011 manual (doc 47) apart from 7.5" LCD vs matrix console and USER1/2 keys. The folder Climbers Steppers/XS895 is wrong: this documents the XE895 elliptical (xe895-2018, the machine with no cards), not the XS895 stepper.	certain
/mnt/HDD/Downloads/Spirit Folder/Spirit Service Manuals/Climbers Steppers/XS895/XS895 Service Manual.pdf	existing	xs895-2021	Cover p.1 "XS300B-YS006 Service Manual", PDF created 2021-06-16; a stepper (stepper 12, floors/FPM, 10.1 console with HIIT/2User/2HR keys). 26% phrase overlap with both XS895 OMs, which are 97% the same text; xs895-2021 (OM Feb 19 2021) by date, xs895-2018 is the same hardware.	unsure
/mnt/HDD/Downloads/Spirit Folder/Spirit Service Manuals/Ellipticals/CE1000-2023 SE8880-SB028 service manual.pdf	new-machine	ce1000-2023	Cover p.1 "SERVICE MANUAL CE1000(2023) SE8880-SB028 ENT Elliptical", 34 pages, PDF created 2023-05-15. No CE1000 id in kb.yaml.	certain
/mnt/HDD/Downloads/Spirit Folder/Spirit Service Manuals/Ellipticals/CE800/CE800 Service Manual.pdf	existing	ce800-2021	Cover p.1 "CE800(2020) Service Manual" (17 repeats), PDF created 2021-11-18; matrix console, 40 levels, no Bluetooth/Spirit+. Spirit CE800 2020 (MODEL table 800040) = the CE800_20211108 OM (ce800-2021); the 2023 CE800 OM (800042) is the same text reprinted.	certain
/mnt/HDD/Downloads/Spirit Folder/Spirit Service Manuals/Ellipticals/CE800ENT/CE800ENT Service Manual.pdf	already-ingested	ce800ent	Same filename as manifest origin_uri of spirit-elliptical-ce800ent-service-manual; 95.4% of its 8-word phrases are in that text.md.	certain
/mnt/HDD/Downloads/Spirit Folder/Spirit Service Manuals/Ellipticals/CE850/CE800 (XE890B-AE10M-02) - Service Manual.pdf	existing	ce800-2013	Cover p.1 "XE890B-AE10M Service Manual", 65 pages, PDF created 2017-09-29; p.8 program keys "MANUAL, PROGRAM, CUSTOM, FIT-TEST, HRC1, HRC2" match the CE800 2013 OM (Fit-Test button, Custom, Heart Rate programs) and not the 2021 OM (HIIT, Constant Power). The MODEL table also lists a "CE800 2016" (800045) with no OM on disk; the B-suffix code and 2017 date may be that revision.	unsure
/mnt/HDD/Downloads/Spirit Folder/Spirit Service Manuals/Ellipticals/CE850/CE850 Service Manual.pdf	existing	ce850-2020	Cover p.1 "CE850(2020) Service Manual" (10 repeats), PDF created 2021-11-19; ce850-2020 is literally the "2020 model" OM (CE850_OwnersManual_2020_20211108); ce850-2022 is its reprint.	certain
/mnt/HDD/Downloads/Spirit Folder/Spirit Service Manuals/Ellipticals/CE850/CE850, 2016 (XE898-SE011) Service  Manual.pdf	existing	ce850-2016	Cover p.1 "XE898-SE011 Service Manual", 105 pages, PDF created 2017-09-13; matrix console with CUSTOM1/CUSTOM2/HRC1/HRC2 keys; ce850-2016 (OM revision 2016-02-03, part 850045) is the 2016 CE850 and the 2020 generation has its own manual (doc 46).	certain
/mnt/HDD/Downloads/Spirit Folder/Spirit Service Manuals/Ellipticals/CE900/CE900 (SE8800-SE026) Service Manual.pdf	existing	ce900-2021	Cover p.1 "SE8800-SE026 Service Manual", PDF created 2018-04-11; generator elliptical, 40 levels, EMS, no Bluetooth. The only pre-New-Black CE900 id is ce900-2021 (CE900_20211108 OM, whose body like the CR900/CU900 2018 manuals predates its warranty page).	certain
/mnt/HDD/Downloads/Spirit Folder/Spirit Service Manuals/Ellipticals/CE900ENT/CE900ENT Service Manual.pdf	new-machine	ce900ent-2021	Cover p.1 "CE900 ENT Service Manual", 72 pages, PDF created 2021-11-24; Android/HDMI ENT console, 40% phrase overlap with the CU900ENT service manual. No CE900ENT id and no CE900ENT owner manual on disk; the year is the PDF creation date, matching its sibling cr900ent-2021 (OM Rev 11.08.2021). ce900ent without a year, as cu900ent/ct900ent, is the alternative.	unsure
/mnt/HDD/Downloads/Spirit Folder/Spirit Service Manuals/Ellipticals/XE100-200-300-400-500/XE100-200-300-400-500.pdf	multi-machine	xe100-2007,xe200-2007,xe300-2007,xe400-2007,xe500-2007	Cover p.1 "SERVICE MANUAL XE100 XE200 XE300 XE400 XE500", 38-page Spirit Manufacturing Inc. dealer manual, PrimoPDF 2008-07-11, no printed date. Its p.11 warranty table (XE100-XE200 5 years, XE300-XE400-XE500 10 years) matches the XE100/200/300 OM effective October 15 2007. xe400 and xe500 have no id; -2007 places them with their siblings.	unsure
/mnt/HDD/Downloads/Spirit Folder/Spirit Service Manuals/Ellipticals/XE195/XE195, 2016 (XE509S-SE021) Service manual.pdf	existing	xe195-2019	Cover p.1 "XE509S-SE021-01 Service Manual", PDF created 2017-04-06; non-A code = pre-2023 XE195. xe195-2019 (OM Rev 02.04.2019); xe195-2021 is the 82.8% reprint of the same machine.	unsure
/mnt/HDD/Downloads/Spirit Folder/Spirit Service Manuals/Ellipticals/XE295/XE295 (XE519S-SE020 2016) Service Manual.pdf	existing	xe295-2019	Cover p.1 "XE519S-SE020-01 Service Manual", PDF created 2017-08-17; 93.6% similar to the XE195 manual (doc 51). xe295-2019 (OM Rev 02.04.2019); xe295-2021 is its reprint.	unsure
/mnt/HDD/Downloads/Spirit Folder/Spirit Service Manuals/Ellipticals/XE395/XE395 Service Manual.pdf	existing	xe395-2018	Cover p.1 "XE395 Service Manual", 98 pages, PDF created 2021-11-23; 99.5% word-identical to doc 54 with "XE539S-SE019-01" replaced by "XE395" in the headings. A re-export of the same document, ingest only one.	unsure
/mnt/HDD/Downloads/Spirit Folder/Spirit Service Manuals/Ellipticals/XE395/XE395, 2016 (XE539S-SE019) Service Manual.pdf	existing	xe395-2018	Cover p.1 "XE539S-SE019-01 Service Manual", 98 pages, PDF created 2017-08-17. Phrase overlap 6.5% with the XE395 2018 OM (Rev 08.22.2018) against 5.4% for 2010 and 1.5% for 2023; the 2023 XE395 uses the A-suffix codes.	unsure
/mnt/HDD/Downloads/Spirit Folder/Spirit Service Manuals/Ellipticals/XE395ENT/XE395ENT_XE539S-SE025-01 Service Manual 2021.pdf	existing	xe395ent-2021	Cover p.1 "XE539S-SE025-01 Service Manual", PDF created 2021-08-04 (filename 2021); ENT console on the XE539S elliptical; the only XE395ENT id (OM Feb 25 2021).	certain
/mnt/HDD/Downloads/Spirit Folder/Spirit Service Manuals/Ellipticals/XE795/XE795 (795023) Service Manual.pdf	existing	xe795-2023	Cover p.1 "SERVICE MANUAL XE795(2023) XE815A-SE048 Elliptical Trainer"; filename SKU 795023 = xe795-2023 in model-numbers.csv.	certain
/mnt/HDD/Downloads/Spirit Folder/Spirit Service Manuals/Ellipticals/XE795/XE795 2016 (XE815-SE024) Service Manual.pdf	existing	xe795-2018	Cover p.1 "XE815-SE024-01 Service Manual", PDF created 2017-08-27; non-A code = pre-2023 XE795 (2023 is XE815A-SE048, doc 56). xe795-2018 (OM Aug 22 2018); the two 2021 printings are 87% reprints of the same machine.	unsure
/mnt/HDD/Downloads/Spirit Folder/Spirit Service Manuals/Ellipticals/XG400/XG400, 2016 (SE551-SE023) Service Manual.pdf	existing	xg400-2019	Cover p.1 "SE551-SE023-01 Service Manual", PDF created 2017-08-17; xg400-2019 (OM Rev 02.04.2019) and xg400-2021 are the only XG400 ids and are 84.8% the same text.	unsure
/mnt/HDD/Downloads/Spirit Folder/Spirit Service Manuals/MEDICAL/8.5S-785545 _MS2000-SB036-01_Service Manual.pdf	existing	85s-2025	Cover p.1 "8.5S-785545 (MS2000-SB036-01) Service Manual", PDF created 2026-05-19; the SKU 785545 is printed on the cover and belongs to 85s-2025 (own-manual-text in model-numbers.csv). Not the 8.5S-Fit.	certain
/mnt/HDD/Downloads/Spirit Folder/Spirit Service Manuals/Miscellaneous/Comm & Med - Cardio Warranty Sheet_032019.pdf	not-a-manual		Two-page "SPIRIT FITNESS CARDIO WARRANTY" sheet, back page "Revision: 03.07.2019"; warranty terms for CT900ENT/CT900/CE900ENT/CR900ENT/CU900ENT/CE900/CR900/CU900/CIC800/AB900/MS350/MS300/MR100/MU100/MT200/CT850ENT/CT850/CT800/XT685/CE800ENT/CE850/CR800ENT/CU800ENT/CE800/CR800/CU800. A warranty sheet.	certain
/mnt/HDD/Downloads/Spirit Folder/Spirit Service Manuals/Miscellaneous/Comm & Med - Power Requirements Sheet_032019.pdf	not-a-manual		Two-page "SPIRIT FITNESS POWER REQUIREMENTS" sheet, back page "Revision: 03.06.2019"; 120V/20A vs 15A per treadmill and ENT console, NEMA 5-20 plug rules. A power-requirements sheet.	certain
/mnt/HDD/Downloads/Spirit Folder/Spirit Service Manuals/Rowers/CR1000/CR1000-2023 SR8880-SB028 service manual.pdf	new-machine	cr1000-2023	Cover p.1 "SERVICE MANUAL CR1000(2023) SR8880-SB028 ENT Recumbent Bike", 40 pages, PDF created 2023-05-15. Filed under Rowers but it is a bike. No CR1000 id in kb.yaml.	certain
/mnt/HDD/Downloads/Spirit Folder/Spirit Service Manuals/Rowers/CRW800/CRW800 Service Manual 800940.pdf	existing	crw800-2021	Cover p.1 "CRW800 Service Manual", PDF created 2021-11-24; generator controller and generator-motor replacement sections. Filename SKU 800940 = "Spirit CRW800 2020" in the CustService MODEL table (800945 = 2016, 800925 = 2024); the CRW800 2021 OM parts list carries the Generator/Brake Controller. crw800-2021 is that generation.	certain
/mnt/HDD/Downloads/Spirit Folder/Spirit Service Manuals/Rowers/CRW800/CRW800-YR001-01_Service Manual.pdf	new-machine	crw800-2016	Cover p.1 "CW800-YR001 Service Manual", 70 pages, PDF created 2017-10-12; battery console, no generator (doc 63 has one), 89.5% similar to the XRW600 DW400-YR002 manual. The MODEL table names "Spirit CRW800 2016" (800945), for which no OM is on disk; the Sole SR500 2016 shares the CW800A-YR001 code. Year from the MODEL table name, not the document.	unsure
/mnt/HDD/Downloads/Spirit Folder/Spirit Service Manuals/Rowers/CRW800H2O/CRW800H2O Service Manual.pdf	already-ingested	crw800h2o	Same filename as manifest origin_uri of spirit-rower-crw800h2o-service-manual; 100% of its 8-word phrases are in that text.md.	certain
/mnt/HDD/Downloads/Spirit Folder/Spirit Service Manuals/Rowers/CRW900/CRW900 Service Manual.pdf	existing	crw900-2021	Cover p.1 "CRW900 Water Rower Service Manual", 18 pages but only 452 native words (speed-sensor, handle-belt, console troubleshooting; the rest is pictures - OCR at extraction), PDF created 2020-03-10; the only CRW900 id (OM (c) 2019 back cover, warranty Oct 22 2021).	certain
/mnt/HDD/Downloads/Spirit Folder/Spirit Service Manuals/Rowers/ERG160/ERG160__service manual_V1.0.pdf	new-machine	erg160-2025	Cover p.1 "SERVICE MANUAL ERG160 Rower", 15 pages, no printed date; PDF created 2025-08-25, filename V1.0. ERG is the XTERRA rower line (Xterra Owners Manuals/Rowers/ERG220, ERG400, ERG700), not Spirit or Sole; kb.yaml has no xterra brand.	unsure
/mnt/HDD/Downloads/Spirit Folder/Spirit Service Manuals/Rowers/ERG180/ERG180__service manual_V1.0.pdf	new-machine	erg180-2025	Cover p.1 "SERVICE MANUAL ERG180"; p.15 "Version 1.0 2025/7/31: Initial release". XTERRA rower line, no xterra brand in kb.yaml.	unsure
/mnt/HDD/Downloads/Spirit Folder/Spirit Service Manuals/Rowers/ERG750/ERG-750W Service Manual.pdf	new-machine	erg750w-2025	Cover p.1 "ERG-750W WATER ROWING MACHINE SERVICE MANUAL", 26 pages of part-replacement procedures, no printed date, PDF created 2026-03-23. The ERG750W owner manual filed at Spirit Owners Manuals/Rowers/ERG750/ERG750W_OM_20251112.pdf is XTERRA-branded (ERG750W_175926_OM_20250409, (c)2025), so the machine is Xterra, generation 2025.	unsure
/mnt/HDD/Downloads/Spirit Folder/Spirit Service Manuals/Rowers/ERG800W/ERG800W_R80_service manual_V1.0.pdf	new-machine	erg800w-2025	Cover p.1 "SERVICE MANUAL ERG800W", 39 pages; p.39 "Version 1.0 2025/8/11: Initial release". XTERRA rower line; "R80" in the filename is unexplained.	unsure
/mnt/HDD/Downloads/Spirit Folder/Spirit Service Manuals/Rowers/XRW600/XRW600 (DW400-YR002)_Service Manual.pdf	existing	xrw600-2019	Cover p.1 "DW400-YR002 Service Manual", PDF created 2019-06-18; battery LCD console; xrw600-2019 (OM (c) 2018, Feb 4 2019) with xrw600-2021 its 97.2% reprint.	certain
/mnt/HDD/Downloads/Spirit Folder/Spirit Service Manuals/Strength/i-Strength Maintenance Manual.pdf	existing	csi-cpsp,csi-lrow	Cover p.1 "Digital Resistance Module Maintenance Manual", 26 pages (disassembly, cables, block diagram, motor/controller specs, troubleshooting), WPS export created 2025-09-05, no model name and no date printed. Filed as i-Strength; the CSI i-Strength owner manuals (csi-cpsp, csi-lrow) list "Resistance Module" as part 72 of the machine, so this documents that module.	unsure
/mnt/HDD/Downloads/Spirit Folder/Spirit Service Manuals/Treadmills/40T/ST8700-ST017 (CT4000)  Service Manual - 740885 4.0T.pdf	existing	40t-2026	Cover p.1 "ST8700-ST017-01 Service Manual", 54 pages, PDF created 2019-10-29; AC-motor inverter treadmill. Filename SKU 740885 = 40t-2026 in model-numbers.csv and the 4.0T OM itself prints ST8700; 18% phrase overlap with that OM against 5% for the 7.0T. The manual predates the 2026 OM by six years and the filename calls it CT4000.	certain
/mnt/HDD/Downloads/Spirit Folder/Spirit Service Manuals/Treadmills/70T/DYACO 7.0T (MT8000-ST021) Service Manual.pdf	existing	mt200-2022	Cover p.1 "7.0T(MT8000-ST021-02) Service Manual", Ver 1.3, PDF created 2021-04-12; AC inverter treadmill with E20-E29 error family. Its parts list and calibration text sit in the MT200 OMs (24.5% of phrases in mt200-2010, 19.8% in mt200-2022) but only 3% in the 7.0T 2026 OM: the 2021 Dyaco 7.0T is the Spirit MT200, not the 2026 7.0T (770885). mt200-2022 by date; mt200-2010 shares the parts list.	unsure
/mnt/HDD/Downloads/Spirit Folder/Spirit Service Manuals/Treadmills/70T/E27 Error Troubleshooting on a 7.0T.pdf	not-a-manual		Outlook print-to-PDF, no text layer; OCR: "FW: 7.0T - Model 770844", email of 3/12/2025 from Spirit Fitness explaining the E27 encoder error on the 7.0T (check console-bracket and motor-cover wiring, encoder LEDs). An email support note.	certain
/mnt/HDD/Downloads/Spirit Folder/Spirit Service Manuals/Treadmills/CT1000/CT1000_ ST8880-ST018-01_service manual.pdf	new-machine	ct1000-2023	Cover p.1 "SERVICE MANUAL CT1000(2023) ST8880-ST018 ENT Treadmill", 34 pages, PDF created 2023-05-15. No CT1000 id in kb.yaml.	certain
/mnt/HDD/Downloads/Spirit Folder/Spirit Service Manuals/Treadmills/CT800/CT800 800845 Service Manual.pdf	existing	ct800-2016	Cover p.1 "ST8000B-YT09 Treadmill Service Manual (AC 120V)", PDF created 2015-09-09; filename SKU 800845 = ct800-2016 in model-numbers.csv; 54% of its phrases are in the CT850 2016 service manual, its sibling.	certain
/mnt/HDD/Downloads/Spirit Folder/Spirit Service Manuals/Treadmills/CT800/CT800 Service Manual.pdf	existing	ct800-2020	Cover p.1 "CT800(2020) Service Manual" (20 repeats), PDF created 2021-11-18; 90% similar to the ingested CT850(2020) manual. ct800-2020 = CT800_800840 OM and the MODEL-table 2020 SKU.	certain
/mnt/HDD/Downloads/Spirit Folder/Spirit Service Manuals/Treadmills/CT800ENT/CT800ENT Service Manual.pdf	existing	ct800ent-2022	Cover p.1 "CT800 ENT 2020 ver. Service Manual", PDF created 2021-12-06, inverter codes ST8600-YT057/YT058, HDMI/A-V Source ENT menus. ct800ent-2022 (CT800ENT_800852_OM) is the pre-New-Black CT800ENT; the MODEL table also has a CT8x0ENT 2020 SKU (x51) with no OM on disk.	unsure
/mnt/HDD/Downloads/Spirit Folder/Spirit Service Manuals/Treadmills/CT850/CT850 850845 Service Manual.pdf	already-ingested	ct850-2016	Same filename as manifest origin_uri of spirit-treadmill-ct850-2016-service-manual; 98.6% of its 8-word phrases are in that text.md.	certain
/mnt/HDD/Downloads/Spirit Folder/Spirit Service Manuals/Treadmills/CT850/CT850 Service Manual.pdf	already-ingested	ct850-2020	Same filename as manifest origin_uri of spirit-treadmill-ct850-2020-service-manual; 98.0% of its 8-word phrases are in that text.md.	certain
/mnt/HDD/Downloads/Spirit Folder/Spirit Service Manuals/Treadmills/CT850ENT/CT850ENT Service Manual.pdf	existing	ct850ent-2022	Cover p.1 "CT850 ENT 2020 ver. Service Manual", PDF created 2021-12-06, ST8600-YT057/YT058 inverters, HDMI ENT menus; 92% similar to doc 79. ct850ent-2022 (CT850ENT_850852_OM) is the pre-New-Black CT850ENT; the MODEL table names "CT850ENT 2020" as 850851 with no OM on disk.	unsure
/mnt/HDD/Downloads/Spirit Folder/Spirit Service Manuals/Treadmills/CT900/CT900 900846 Service Manual - Error Codes & Troubleshooting Guide.pdf	existing	ct900	Cover p.1 "8. ST8800-ST006 Error Messages / Troubleshooting", 22 pages, lightpdf.com export 2018-09-18: chapter 8 of the CT900 service manual cut out - 98.4% of its phrases are in doc 84. Filename SKU 900846 is the earlier CT900 SKU (ct900 = 900825). A duplicate excerpt; ingest doc 84 instead.	certain
/mnt/HDD/Downloads/Spirit Folder/Spirit Service Manuals/Treadmills/CT900/CT900 Service Manual.pdf	existing	ct900	Cover p.1 "CT900 Service Manual", 77 pages, PDF created 2021-11-23, factory code ST8800-ST006 (doc 83); E1-E9 error family, EMS. ct900 is the single CT900 id, though its OM is the 2025 New Black print (900825) and this manual is the earlier CT900 (900846).	certain
/mnt/HDD/Downloads/Spirit Folder/Spirit Service Manuals/Treadmills/CT900ENT/CT900ENT Service Manual.pdf	existing	ct900ent	Cover p.1 "CT900 ENT Service Manual", 79 pages, PDF created 2021-11-23, Android/HDMI console; the only CT900ENT id (OM rev 11/2021).	certain
/mnt/HDD/Downloads/Spirit Folder/Spirit Service Manuals/Treadmills/CTSB900/CTSBS900_PS040081-20-01_SM.pdf	existing	ctsbs900	Cover p.1 "SERVICE MANUAL CTSBS900 PS040081-20-01 SLAT-BELT TREADMILL", 31 pages, PDF created 2026-07-15; the only CTSBS900 id.	certain
/mnt/HDD/Downloads/Spirit Folder/Spirit Service Manuals/Treadmills/MT200/Error_Codes_MT200_English.pdf	not-a-manual		Four pages, 410 words: "Error Codes List MT200 - English", E1 Over Current ... through the E2x codes with one-line checks, Adobe PDF Library export 2024-09-19. An error-code leaflet for the MT200 (mt200-2022), not a manual.	certain
/mnt/HDD/Downloads/Spirit Folder/Spirit Service Manuals/Treadmills/XT175/XT175-275-375-475-675.pdf	multi-machine	xt175-2008,xt275-2008,xt375-2008,xt475-2008,xt675-2008	Cover p.1 "SERVICE MANUAL XT175 XT275 XT375 XT475 XT675", 37-page Spirit Manufacturing Inc. dealer manual (troubleshooting, warranty per model p.12, exploded views), Distiller 5 PDF created 2008-09-12, no printed date. None of the five is in kb.yaml (xt685-2010 is the XT675 successor); -2008 is the PDF creation date, the only date evidence.	unsure
/mnt/HDD/Downloads/Spirit Folder/Spirit Service Manuals/Treadmills/XT185/2015/XT185 (185815) Service Manual.pdf	existing	xt185-2015	Cover p.1 "XT185 Treadmill Service Manual", 86 pages, PDF created 2021-11-24, no year printed; blue-LCD console with E0-E7 codes. The 2023 XT185 has its own manual (doc 90, XT126-YT072, "(2023)"), so this is the earlier generation; filename SKU 185815 = xt185-2015.	certain
/mnt/HDD/Downloads/Spirit Folder/Spirit Service Manuals/Treadmills/XT185/2023/XT185 (185823) Service Manual.pdf	existing	xt185-2023	Cover p.1 "SERVICE MANUAL XT185(2023) XT126-YT072 Treadmill"; filename SKU 185823 = xt185-2023.	certain
/mnt/HDD/Downloads/Spirit Folder/Spirit Service Manuals/Treadmills/XT285/XT285 (285815) Service Manual.pdf	existing	xt285-2015	Cover p.1 "XT285 Treadmill Service Manual", PDF created 2021-11-24, no year; 89% similar to doc 89. Filename SKU 285815 = xt285-2015; the 2023 XT285 is doc 92.	certain
/mnt/HDD/Downloads/Spirit Folder/Spirit Service Manuals/Treadmills/XT285/XT285 (285823) Service Manual.pdf	existing	xt285-2023	Cover p.1 "SERVICE MANUAL XT285(2023) XT136-YT073 Treadmill"; filename SKU 285823 = xt285-2023; 98.7% the same text as doc 90.	certain
/mnt/HDD/Downloads/Spirit Folder/Spirit Service Manuals/Treadmills/XT385/XT385 (385815) Service Manual.pdf	existing	xt385-2015	Cover p.1 "XT385 Treadmill Service Manual", PDF created 2021-11-24, 7.5" LCD, "Special Note on XT385 CE version"; filename SKU 385815 = xt385-2015. 99.2% the same text as doc 95 apart from the model name and 9" display.	certain
/mnt/HDD/Downloads/Spirit Folder/Spirit Service Manuals/Treadmills/XT385/XT385 (385823) Service Manual.pdf	existing	xt385-2023	Cover p.1 "SERVICE MANUAL XT385(2023) XT626-NT074 Treadmill"; filename SKU 385823 = xt385-2023. Body is word-identical to doc 96 (XT485 2023) - only the cover model and factory code differ.	certain
/mnt/HDD/Downloads/Spirit Folder/Spirit Service Manuals/Treadmills/XT485/XT485 (485815) Service Manual.pdf	existing	xt485-2015	Cover p.1 "XT485 Treadmill Service Manual", PDF created 2021-11-24, 9" LCD; filename SKU 485815 = xt485-2015; 99.2% the same text as doc 93.	certain
/mnt/HDD/Downloads/Spirit Folder/Spirit Service Manuals/Treadmills/XT485/XT485 (485823) Service Manual.pdf	existing	xt485-2023	Cover p.1 "SERVICE MANUAL XT485(2023) XT626-NT075 Treadmill" (also prints XT626-YT075 once); filename SKU 485823 = xt485-2023. Body word-identical to doc 94.	certain
/mnt/HDD/Downloads/Spirit Folder/Spirit Service Manuals/Treadmills/XT485ENT/XT485/XT485ENT Service Manual.pdf	existing	xt485ent-2023	Cover p.1 "XT485 ENT Service Manual", 80 pages, PDF created 2021-11-18, 10.1" touch console, E0-E9 codes; the only XT485ENT id, whose OM file is XT485ENT_485850_OM_20210416 (April 2021, despite the 2023 in the id).	certain
/mnt/HDD/Downloads/Spirit Folder/Spirit Service Manuals/Treadmills/XT685/XT685 (685823) Service Manual.pdf	existing	xt685-2023	Cover p.1 "SERVICE MANUAL XT685(2023) XT816-YT076 Treadmill"; filename SKU 685823 = xt685-2023.	certain
/mnt/HDD/Downloads/Spirit Folder/Spirit Service Manuals/Treadmills/XT685ENT/XT685ENT Service Manual.pdf	existing	xt685ent-2023	Cover p.1 "SERVICE MANUAL XT685(ENT)(2023) XT816-NT052 ENT Treadmill", 52 pages, 15.6" console, PDF created 2023-12-05; xt685ent-2023 is the only XT685ENT id.	certain
/mnt/HDD/Downloads/Spirit Folder/Spirit Service Manuals/_ENT_Tips_/ENT Support - Bluetooth Pairing.pdf	already-ingested	*	Same filename as manifest origin_uri of spirit-ent-console-bluetooth-pairing-tip; page prints "Revision: 04.14.2021" as the manifest title says; 92% of its vocabulary is in that text.md (a curated text source).	certain
/mnt/HDD/Downloads/Spirit Folder/Spirit Service Manuals/_ENT_Tips_/ENT Support - Connecting to the Internet.pdf	already-ingested	*	Same filename as manifest origin_uri of spirit-ent-console-internet-connection-tip; page prints "Revision: 07.01.2024".	certain
/mnt/HDD/Downloads/Spirit Folder/Spirit Service Manuals/_ENT_Tips_/ENT Support - Screen Mirroring.pdf	already-ingested	*	Same filename as manifest origin_uri of spirit-ent-console-screen-mirroring-tip; page prints "Revision: 07.01.2024".	certain
