Climbers/SOLE CC81 2019 Owners Manual (581519).pdf	2069
Climbers/SOLE SC200 2016 Owners Manual (520516).pdf	6020
Climbers/SOLE SC200 2017 Owners Manual (520517).pdf	86
Climbers/SOLE SC300 2017 Owners Manual (530517).pdf	59
Ellipticals/SOLE AE25 AE35 2011 Owners Manual (525010, 535010).pdf	9798
Ellipticals/SOLE AE55 AE95 2011 Owners Manual (555010, 595010).pdf	8476
Ellipticals/SOLE AE98 2011 Owners Manual (598010).pdf	8430
Ellipticals/SOLE E20 2016 Owners Manual (520016).pdf	19
Ellipticals/SOLE E20 2020 Owners Manual (520020).pdf	4
Ellipticals/SOLE E20 E25 2012 2013 2014 2015 Owners Manual (520012, 520013, 520014, 525012, 525013, 525113, 525114).pdf	8182
Ellipticals/SOLE E25 2016 Owners Manual (525016).pdf	42
Ellipticals/SOLE E25 2019 Owners Manual (525018).pdf	42
Ellipticals/SOLE E25 2023 Owners Manual (525022).pdf	17
Ellipticals/SOLE E35 2016 Owners Manual (535016).pdf	34
Ellipticals/SOLE E35 2019 Owners Manual (535018).pdf	34
Ellipticals/SOLE E35 2023 Owners Manual (535022).pdf	36
Ellipticals/SOLE E35 E95 2012 2013 2014 2015 Owners Manual (535012, 535013, 535014, 535015, 595012, 595013, 595014, 595015).pdf	8923
Ellipticals/SOLE E55 2013 2014 Owners Manual (555013, 555014).pdf	7401
Ellipticals/SOLE E55 2016 Owners Manual (555016).pdf	54
Ellipticals/SOLE E55 2019 Owners Manual (555018).pdf	17
Ellipticals/SOLE E95 2016 Owners Manual (595016).pdf	61
Ellipticals/SOLE E95 2019 Owners Manual (595018).pdf	58
Ellipticals/SOLE E95 2023 Owners Manual (595022).pdf	41
Ellipticals/SOLE E95s 2015 2016 Owners Manual (595615, 595616).pdf	266
Ellipticals/SOLE E95s 2019 Owners Manual (595618).pdf	266
Ellipticals/SOLE E95s 2023 Owners Manual (595622).pdf	76
Ellipticals/SOLE E98 2013 Owners Manual (598012).pdf	8244
Ellipticals/SOLE E98 2015 2016 Owners Manual (598015, 598016).pdf	344
Ellipticals/SOLE E98 2019 Owners Manual (598018).pdf	344
Ellipticals/SOLE E98 2023 Owners Manual (598022).pdf	122
Ellipticals/SOLE UE35 UE75 UE95 2007 Owners Manual (535081, 575081, 595081).pdf	10600
Ellipticals/SOLE VE25 VE55 2008 Owners Manual (525087, 555087).pdf	10172
Ellipticals/SOLE VE35 VE95 2008 Owners Manual (535087, 595087).pdf	13373
Ellipticals/SOLE WE25 WE35 2009 2010 Owners Manual (525088, 535088).pdf	8698
Ellipticals/SOLE WE55 WE95 2009 2010 Owners Manual (555088, 595088).pdf	11505
Rowers/SOLE SR400 Owners Manual.pdf	0
Rowers/SOLE SR500 2019 Owners Manual (500918).pdf	7
Rowers/SOLE SR500 2022 Owners Manual (500911).pdf	7
Rowers/SOLE SR550 2023 Owners Manual (555922).pdf	9
SRVO/SOLE SRVO Complete Owners Manual (578712).pdf	0
SRVO/SOLE SRVO Owners Manual (578722).pdf	0
Strength/SOLE SW100 2023 Owners Manual.pdf	3
Strength/SOLE SW121 2023 Owners Manual.pdf	0
Strength/SOLE SW155 2023 Owners Manual.pdf	0
Strength/SOLE SW180 2023 Owners Manual.pdf	0
Treadmills/SOLE AF63 AF65 2011 Owners Manual (563810, 565810).pdf	9074
Treadmills/SOLE AF80 AF83 AF85 2011 Owners Manual (580810, 583810, 585810).pdf	8897
Treadmills/SOLE AS77 2011 Owners Manual (577810).pdf	8731
Treadmills/SOLE ATT8 2011 Owners Manual (588810).pdf	8883
Treadmills/SOLE F60 2012 2013 2014 Owners Manual (560812, 560813, 560814).pdf	8687
Treadmills/SOLE F60 2016 Owners Manual (560816).pdf	5655
Treadmills/SOLE F60 2020 Owners Manual (560820).pdf	17
Treadmills/SOLE F63 2013 2015 Owners Manual (563812, 563814).pdf	8939
Treadmills/SOLE F63 2019 Owners Manual (563818).pdf	41
Treadmills/SOLE F63 2023 Owners Manual (563822).pdf	41
Treadmills/SOLE F63 2025 Owners Manual (563825).pdf	42
Treadmills/SOLE F63 F65 2016 Owners Manual (563816, 565816).pdf	17
Treadmills/SOLE F63 UF63 2006 2007 Owners Manual (563881, 563886).pdf	4767
Treadmills/SOLE F65 2013 2014 Owners Manual (565812, 565813).pdf	9054
Treadmills/SOLE F65 2019 Owners Manual (565818).pdf	41
Treadmills/SOLE F65 2023 Owners Manual (565822).pdf	41
Treadmills/SOLE F80 2016 Owners Manual (580816).pdf	17
Treadmills/SOLE F80 2019 Owners Manual (580818).pdf	35
Treadmills/SOLE F80 2023 Owners Manual (580822).pdf	66
Treadmills/SOLE F80 F83 F85 S73 US73 S77 US77 2006 2007 Owners Manual (580881, 583881, 585881, 573881, 577881, 573886, 577886).pdf	7008
Treadmills/SOLE F80 F85 2013 Owners Manual (580812, 585812).pdf	9076
Treadmills/SOLE F85 2016 Owners Manual (585816).pdf	0
Treadmills/SOLE F85 2019 Owners Manual (585818).pdf	0
Treadmills/SOLE F85 2021 Owners Manual (585820).pdf	43
Treadmills/SOLE F85 2023 Owners Manual (585822).pdf	21
Treadmills/SOLE F89 2023 Owners Manual (589853).pdf	20
Treadmills/SOLE S77 2013 Owners Manual (577812).pdf	9005
Treadmills/SOLE S77 2016 Owners Manual (577816).pdf	17
Treadmills/SOLE S77 2019 Owners Manual (577818).pdf	0
Treadmills/SOLE ST90 2021 Owners Manual (590820).pdf	45
Treadmills/SOLE ST90 2023 Owners Manual (590822).pdf	21
Treadmills/SOLE TD80 2019 Owners Manual (580918).pdf	40
Treadmills/SOLE TT8 2013 Owners Manual (588812).pdf	8970
Treadmills/SOLE TT8 2016 Owners Manual (588816).pdf	17
Treadmills/SOLE TT8 2019 Owners Manual (588818).pdf	17
Treadmills/SOLE TT8 2021 Owners Manual (588851).pdf	70
Treadmills/SOLE TT8 2023 Owners Manual (588822).pdf	53
Treadmills/SOLE TT8 UTT8 2006 2007 Owners Manual (588881, 588886).pdf	6320
Treadmills/SOLE TT8C 2011 Owners Manual (589810).pdf	8815
Treadmills/SOLE TT9 2019 Owners Manual (599818).pdf	8125
Treadmills/SOLE UF80 UF83 UF85 2007 Owners Manual (580886, 583886, 585886).pdf	7524
Treadmills/SOLE VF63 2008 Owners Manual (563887).pdf	5456
Treadmills/SOLE VS73 VS77 2008 Owners Manual (573887, 577887).pdf	7185
Treadmills/SOLE VTT8 2008 Owners Manual (588887).pdf	7353
Treadmills/SOLE WF63 2009 2010 Owners Manual (563888).pdf	7531
Treadmills/SOLE WF80 WF83 WF85 2009 2010 Owners Manual (580888, 583888, 585888).pdf	8037
Treadmills/SOLE WS73 WS77 2009 2010 Owners Manual (573888, 577888).pdf	7441
Treadmills/SOLE WTT8 2009 2010 Owners Manual (588888).pdf	7559
Ellipticals/SOLE UE25 UE55 E55 2007 Owners Manual (525081, 555081, 555086).pdf	10224
Treadmills/SOLE VF80 VF83 VF85 2008 Owners Manual (580887, 583887, 585887).pdf	8177
