relpath	source_id	title	model_ids
SOLE AE25 AE35 2011 Owners Manual (525010, 535010).pdf	sole-el-ae25-ae35-2011-owners-manual	Sole AE25/AE35 2011 owner's manual (525010, 535010)	ae25-2011,ae35-2011
SOLE AE55 AE95 2011 Owners Manual (555010, 595010).pdf	sole-el-ae55-ae95-2011-owners-manual	Sole AE55/AE95 2011 owner's manual (555010, 595010)	ae55-2011,ae95-2011
SOLE AE98 2011 Owners Manual (598010).pdf	sole-el-e98-2011-owners-manual	Sole E98 2011 owner's manual (598010) — book names E98	e98-2011
SOLE E20 2016 Owners Manual (520016).pdf	sole-el-e20-2016-owners-manual	Sole E20 2016 owner's manual (520016)	e20-2016
SOLE E20 2020 Owners Manual (520020).pdf	sole-el-e20-2020-owners-manual	Sole E20 2020 owner's manual (520020)	e20-2020
SOLE E20 E25 2012 2013 2014 2015 Owners Manual (520012, 520013, 520014, 525012, 525013, 525113, 525114).pdf	sole-el-e20-e25-2012-2015-owners-manual	Sole E20/E25 2012-2015 owner's manual (520012, 520013, 520014, 525012, 525013, 525113, 525114)	e20-2013,e20-2014,e20-2015,e25-2013,e25-2014,e25-2015
SOLE E25 2016 Owners Manual (525016).pdf	sole-el-e25-2016-owners-manual	Sole E25 2016 owner's manual (525016)	e25-2016
SOLE E25 2019 Owners Manual (525018).pdf	sole-el-e25-2019-owners-manual	Sole E25 2019 owner's manual (525018)	e25-2019
SOLE E25 2023 Owners Manual (525022).pdf	sole-el-e25-2023-owners-manual	Sole E25 2023 owner's manual (525022)	e25-2023
SOLE E35 2016 Owners Manual (535016).pdf	sole-el-e35-2016-owners-manual	Sole E35 2016 owner's manual (535016)	e35-2016
SOLE E35 2019 Owners Manual (535018).pdf	sole-el-e35-2019-owners-manual	Sole E35 2019 owner's manual (535018)	e35-2019
SOLE E35 2023 Owners Manual (535022).pdf	sole-el-e35-2023-owners-manual	Sole E35 2023 owner's manual (535022)	e35-2023
SOLE E35 E95 2012 2013 2014 2015 Owners Manual (535012, 535013, 535014, 535015, 595012, 595013, 595014, 595015).pdf	sole-el-e35-e95-2012-2015-owners-manual	Sole E35/E95 2012-2015 owner's manual (535012, 535013, 535014, 535015, 595012, 595013, 595014, 595015)	e35-2013,e35-2014,e35-2015,e95-2013,e95-2014,e95-2015
SOLE E55 2013 2014 Owners Manual (555013, 555014).pdf	sole-el-e55-2013-2014-owners-manual	Sole E55 2013/2014 owner's manual (555013, 555014)	e55-2014
SOLE E55 2016 Owners Manual (555016).pdf	sole-el-e55-2016-owners-manual	Sole E55 2016 owner's manual (555016)	e55-2016
SOLE E55 2019 Owners Manual (555018).pdf	sole-el-e55-2019-owners-manual	Sole E55 2019 owner's manual (555018)	e55-2019
SOLE E95 2016 Owners Manual (595016).pdf	sole-el-e95-2016-owners-manual	Sole E95 2016 owner's manual (595016)	e95-2016
SOLE E95 2019 Owners Manual (595018).pdf	sole-el-e95-2019-owners-manual	Sole E95 2019 owner's manual (595018)	e95-2019
SOLE E95 2023 Owners Manual (595022).pdf	sole-el-e95-2023-owners-manual	Sole E95 2023 owner's manual (595022)	e95-2023
SOLE E95s 2015 2016 Owners Manual (595615, 595616).pdf	sole-el-e95s-2015-2016-owners-manual	Sole E95s 2015/2016 owner's manual (595615, 595616)	e95s-2015,e95s-2016
SOLE E95s 2019 Owners Manual (595618).pdf	sole-el-e95s-2019-owners-manual	Sole E95s 2019 owner's manual (595618)	e95s-2019
SOLE E95s 2023 Owners Manual (595622).pdf	sole-el-e95s-2023-owners-manual	Sole E95s 2023 owner's manual (595622)	e95s-2023
SOLE E98 2013 Owners Manual (598012).pdf	sole-el-e98-2013-owners-manual	Sole E98 2013 owner's manual (598012)	e98-2013
SOLE E98 2015 2016 Owners Manual (598015, 598016).pdf	sole-el-e98-2015-2016-owners-manual	Sole E98 2015/2016 owner's manual (598015, 598016)	e98-2015
SOLE E98 2019 Owners Manual (598018).pdf	sole-el-e98-2019-owners-manual	Sole E98 2019 owner's manual (598018)	e98-2019
SOLE E98 2023 Owners Manual (598022).pdf	sole-el-e98-2023-owners-manual	Sole E98 2023 owner's manual (598022)	e98-2023
SOLE UE35 UE75 UE95 2007 Owners Manual (535081, 575081, 595081).pdf	sole-el-e35-e75-e95-2007-owners-manual	Sole E35/E75/E95 2007 owner's manual (535081, 575081, 595081) — book names E35/E75/E95	e35-2007,e75-2007,e95-2007
SOLE VE25 VE55 2008 Owners Manual (525087, 555087).pdf	sole-el-ve25-ve55-2008-owners-manual	Sole VE25/VE55 2008 owner's manual (525087, 555087)	ve25-2007,ve55-2007
SOLE VE35 VE95 2008 Owners Manual (535087, 595087).pdf	sole-el-ve35-ve95-2008-owners-manual	Sole VE35/VE95 2008 owner's manual (535087, 595087)	ve35-2007,ve95-2007
SOLE WE25 WE35 2009 2010 Owners Manual (525088, 535088).pdf	sole-el-we25-we35-2009-2010-owners-manual	Sole WE25/WE35 2009/2010 owner's manual (525088, 535088)	we25-2009,we25-2010,we35-2009,we35-2010
SOLE WE55 WE95 2009 2010 Owners Manual (555088, 595088).pdf	sole-el-we55-we95-2009-2010-owners-manual	Sole WE55/WE95 2009/2010 owner's manual (555088, 595088)	we55-2009,we55-2010,we95-2009,we95-2010
SOLE UE25 UE55 E55 2007 Owners Manual (525081, 555081, 555086).pdf	sole-el-e25-e55-2007-owners-manual	Sole E25/E55 2007 owner's manual (525081, 555081, 555086) — book names E25/E55	e25-2007,e55-2006
